Private - Potential Rating,Sample,Sample
Rated - Public,Sample,Sample
Private - Potential Rating,Sample,Sample
Rated via Public-Parent,Sample,Sample
Private - Potential Rating,Sample,Sample
Private - Potential Rating,Sample,Sample
Private - Potential Rating,Sample,Sample
Rated via Public-Parent,Sample,Sample
Private - Potential Rating,Sample,Sample
Private - Potential Rating,Sample,Sample
Private - Potential Rating,Sample,Sample
Private - Potential Rating,Sample,Sample
Private - Potential Rating,Sample,Sample
Private - Potential Rating,Sample,Sample
Other - Requires Review,Sample,Sample
Rated via Public-Parent,Sample,Sample
Rated via Public-Parent,Sample,Sample
Private - Potential Rating,Sample,Sample
Private - Potential Rating,Sample,Sample
Private - Potential Rating,Sample,Sample
Private - Potential Rating,Sample,Sample
Private - Potential Rating,Sample,Sample
Private - Potential Rating,Sample,Sample
Private - Potential Rating,Sample,Sample
Private - Potential Rating,Sample,Sample
Private - Potential Rating,Sample,Sample
Private - Potential Rating,Sample,Sample
Not Rated - Nonprofit/Government,Sample,Sample
Private - Potential Rating,Sample,Sample
Private - Potential Rating,Sample,Sample
Private - Potential Rating,Sample,Sample
Rated - Public,Sample,Sample
Private - Potential Rating,Sample,Sample
Rated - Public,Sample,Sample
Private - Potential Rating,Sample,Sample
Private - Potential Rating,Sample,Sample
Private - Potential Rating,Sample,Sample
Private - Potential Rating,Sample,Sample
Private - Potential Rating,Sample,Sample
Private - Potential Rating,Sample,Sample
Private - Potential Rating,Sample,Sample
Private - Potential Rating,Sample,Sample
Private - Potential Rating,Sample,Sample
Private - Potential Rating,Sample,Sample
Private - Potential Rating,Sample,Sample
Other - Requires Review,Sample,Sample
Private - Potential Rating,Sample,Sample
Private - Potential Rating,Sample,Sample
Other - Requires Review,Sample,Sample
Other - Requires Review,Sample,Sample
Private - Potential Rating,Sample,Sample
Private - Potential Rating,Sample,Sample
Other - Requires Review,Sample,Sample
Private - Potential Rating,Sample,Sample
Private - Potential Rating,Sample,Sample
Private - Potential Rating,Sample,Sample
Rated via Public-Parent,Sample,Sample
Other - Requires Review,Sample,Sample
Private - Potential Rating,Sample,Sample
Private - Potential Rating,Sample,Sample
Other - Requires Review,Sample,Sample
Private - Potential Rating,Sample,Sample
Rated via Public-Parent,Sample,Sample
Private - Potential Rating,Sample,Sample
Private - Potential Rating,Sample,Sample
Private - Potential Rating,Sample,Sample
Rated via Public-Parent,Sample,Sample
Private - Potential Rating,Sample,Sample
Private - Potential Rating,Sample,Sample
Private - Potential Rating,Sample,Sample
Private - Potential Rating,Sample,Sample
Other - Requires Review,Sample,Sample
Private - Potential Rating,Sample,Sample
Private - Potential Rating,Sample,Sample
Private - Potential Rating,Sample,Sample
Private - Potential Rating,Sample,Sample
Rated - Public,Sample,Sample
Rated via Public-Parent,Sample,Sample
Rated - Public,Sample,Sample
Private - Potential Rating,Sample,Sample
Private - Potential Rating,Sample,Sample
Private - Potential Rating,Sample,Sample
Private - Potential Rating,Sample,Sample
Private - Potential Rating,Sample,Sample
Private - Potential Rating,Sample,Sample
Other - Requires Review,Sample,Sample
Private - Potential Rating,Sample,Sample
Other - Requires Review,Sample,Sample
Private - Potential Rating,Sample,Sample
Private - Potential Rating,Sample,Sample
Other - Requires Review,Sample,Sample
Rated - Public,Sample,Sample
Private - Potential Rating,Sample,Sample
Private - Potential Rating,Sample,Sample
Private - Potential Rating,Sample,Sample
Rated - Public,Sample,Sample
Private - Potential Rating,Sample,Sample
Private - Potential Rating,Sample,Sample
Private - Potential Rating,Sample,Sample
Private - Potential Rating,Sample,Sample
Private - Potential Rating,Sample,Sample
Private - Potential Rating,Sample,Sample
Private - Potential Rating,Sample,Sample
Rated via Public-Parent,Sample,Sample
Private - Potential Rating,Sample,Sample
Private - Potential Rating,Sample,Sample
Private - Potential Rating,Sample,Sample
Private - Potential Rating,Sample,Sample
Private - Potential Rating,Sample,Sample
Private - Potential Rating,Sample,Sample
Rated via Public-Parent,Sample,Sample
Private - Potential Rating,Sample,Sample
Private - Potential Rating,Sample,Sample
Private - Potential Rating,Sample,Sample
Private - Potential Rating,Sample,Sample
Private - Potential Rating,Sample,Sample
Other - Requires Review,Sample,Sample
Private - Potential Rating,Sample,Sample
Private - Potential Rating,Sample,Sample
Private - Potential Rating,Sample,Sample
Private - Potential Rating,Sample,Sample
Private - Potential Rating,Sample,Sample
Private - Potential Rating,Sample,Sample
Private - Potential Rating,Sample,Sample
Private - Potential Rating,Sample,Sample
Private - Potential Rating,Sample,Sample
Private - Potential Rating,Sample,Sample
Private - Potential Rating,Sample,Sample
Private - Potential Rating,Sample,Sample
Rated via Public-Parent,Sample,Sample
Private - Potential Rating,Sample,Sample
Other - Requires Review,Sample,Sample
Rated - Public,Sample,Sample
Rated - Public,Sample,Sample
Rated - Public,Sample,Sample
Private - Potential Rating,Sample,Sample
Private - Potential Rating,Sample,Sample
Private - Potential Rating,Sample,Sample
Private - Potential Rating,Sample,Sample
Other - Requires Review,Sample,Sample
Private - Potential Rating,Sample,Sample
Private - Potential Rating,Sample,Sample
Private - Potential Rating,Sample,Sample
Private - Potential Rating,Sample,Sample
Private - Potential Rating,Sample,Sample
Private - Potential Rating,Sample,Sample
Rated - Public,Sample,Sample
Private - Potential Rating,Sample,Sample
Private - Potential Rating,Sample,Sample
Private - Potential Rating,Sample,Sample
Private - Potential Rating,Sample,Sample
Private - Potential Rating,Sample,Sample
Private - Potential Rating,Sample,Sample
Private - Potential Rating,Sample,Sample
Other - Requires Review,Sample,Sample
Private - Potential Rating,Sample,Sample
Other - Requires Review,Sample,Sample
Private - Potential Rating,Sample,Sample
Private - Potential Rating,Sample,Sample
Other - Requires Review,Sample,Sample
Private - Potential Rating,Sample,Sample
Other - Requires Review,Sample,Sample
Private - Potential Rating,Sample,Sample
Other - Requires Review,Sample,Sample
Other - Requires Review,Sample,Sample
Other - Requires Review,Sample,Sample
Other - Requires Review,Sample,Sample
Private - Potential Rating,Sample,Sample
Private - Potential Rating,Sample,Sample
Private - Potential Rating,Sample,Sample
Other - Requires Review,Sample,Sample
Private - Potential Rating,Sample,Sample
Other - Requires Review,Sample,Sample
Private - Potential Rating,Sample,Sample
Private - Potential Rating,Sample,Sample
Private - Potential Rating,Sample,Sample
Other - Requires Review,Sample,Sample
Other - Requires Review,Sample,Sample
Private - Potential Rating,Sample,Sample
Private - Potential Rating,Sample,Sample
Private - Potential Rating,Sample,Sample
Private - Potential Rating,Sample,Sample
Private - Potential Rating,Sample,Sample
Private - Potential Rating,Sample,Sample
Private - Potential Rating,Sample,Sample
Private - Potential Rating,Sample,Sample
Private - Potential Rating,Sample,Sample
Private - Potential Rating,Sample,Sample
Private - Potential Rating,Sample,Sample
Private - Potential Rating,Sample,Sample
Private - Potential Rating,Sample,Sample
Rated - Public,Sample,Sample
Private - Potential Rating,Sample,Sample
Private - Potential Rating,Sample,Sample
Private - Potential Rating,Sample,Sample
Private - Potential Rating,Sample,Sample
Other - Requires Review,Sample,Sample
Private - Potential Rating,Sample,Sample
Private - Potential Rating,Sample,Sample
Private - Potential Rating,Sample,Sample
Private - Potential Rating,Sample,Sample
Private - Potential Rating,Sample,Sample
Private - Potential Rating,Sample,Sample
Private - Potential Rating,Sample,Sample
Private - Potential Rating,Sample,Sample
Private - Potential Rating,Sample,Sample
Private - Potential Rating,Sample,Sample
Private - Potential Rating,Sample,Sample
Private - Potential Rating,Sample,Sample
Rated - Public,Sample,Sample
Private - Potential Rating,Sample,Sample
Private - Potential Rating,Sample,Sample
Other - Requires Review,Sample,Sample
Rated - Public,Sample,Sample
Other - Requires Review,Sample,Sample
Private - Potential Rating,Sample,Sample
Private - Potential Rating,Sample,Sample
Private - Potential Rating,Sample,Sample
Rated - Public,Sample,Sample
Private - Potential Rating,Sample,Sample
Private - Potential Rating,Sample,Sample
Other - Requires Review,Sample,Sample
Private - Potential Rating,Sample,Sample
Private - Potential Rating,Sample,Sample
Private - Potential Rating,Sample,Sample
Not Rated - Public,Sample,Sample
Private - Potential Rating,Sample,Sample
Private - Potential Rating,Sample,Sample
Private - Potential Rating,Sample,Sample
Private - Potential Rating,Sample,Sample
Private - Potential Rating,Sample,Sample
Private - Potential Rating,Sample,Sample
Private - Potential Rating,Sample,Sample
Private - Potential Rating,Sample,Sample
Private - Potential Rating,Sample,Sample
Private - Potential Rating,Sample,Sample
Other - Requires Review,Sample,Sample
Private - Potential Rating,Sample,Sample
Private - Potential Rating,Sample,Sample
Private - Potential Rating,Sample,Sample
Private - Potential Rating,Sample,Sample
Private - Potential Rating,Sample,Sample
Private - Potential Rating,Sample,Sample
Private - Potential Rating,Sample,Sample
Private - Potential Rating,Sample,Sample
Rated - Public,Sample,Sample
Rated - Public,Sample,Sample
Private - Potential Rating,Sample,Sample
Private - Potential Rating,Sample,Sample
Private - Potential Rating,Sample,Sample
Private - Potential Rating,Sample,Sample
Private - Potential Rating,Sample,Sample
Other - Requires Review,Sample,Sample
Private - Potential Rating,Sample,Sample
Private - Potential Rating,Sample,Sample
Private - Potential Rating,Sample,Sample
Private - Potential Rating,Sample,Sample
Other - Requires Review,Sample,Sample
Private - Potential Rating,Sample,Sample
,Sample,Sample
Private - Potential Rating,Sample,Sample
Private - Potential Rating,Sample,Sample
Private - Potential Rating,Sample,Sample
Private - Potential Rating,Sample,Sample
Other - Requires Review,Sample,Sample
Private - Potential Rating,Sample,Sample
Private - Potential Rating,Sample,Sample
Private - Potential Rating,Sample,Sample
Other - Requires Review,Sample,Sample
Private - Potential Rating,Sample,Sample
Private - Potential Rating,Sample,Sample
Private - Potential Rating,Sample,Sample
Other - Requires Review,Sample,Sample
Private - Potential Rating,Sample,Sample
Private - Potential Rating,Sample,Sample
Other - Requires Review,Sample,Sample
Private - Potential Rating,Sample,Sample
Private - Potential Rating,Sample,Sample
Rated via Public-Parent,Sample,Sample
Private - Potential Rating,Sample,Sample
Private - Potential Rating,Sample,Sample
Private - Potential Rating,Sample,Sample
Private - Potential Rating,Sample,Sample
Private - Potential Rating,Sample,Sample
Rated via Public-Parent,Sample,Sample
Private - Potential Rating,Sample,Sample
Private - Potential Rating,Sample,Sample
Private - Potential Rating,Sample,Sample
Private - Potential Rating,Sample,Sample
Private - Potential Rating,Sample,Sample
Private - Potential Rating,Sample,Sample
Other - Requires Review,Sample,Sample
Private - Potential Rating,Sample,Sample
Private - Potential Rating,Sample,Sample
Private - Potential Rating,Sample,Sample
Rated - Public,Sample,Sample
Other - Requires Review,Sample,Sample
Other - Requires Review,Sample,Sample
Private - Potential Rating,Sample,Sample
Private - Potential Rating,Sample,Sample
